Label;Tweet
-1;pksjabar partai keadilan sejahtera komunikasi serius penjajakan koalisi koalisiuntuk rakyat rapimnas
-1;tnozpgc waman nashru illa min indillah tegaskan partai keadilan sejahtera is not for sale to oligarch kunci melawan
-1;andywindarto loud and clear presiden pksejahtera partai keadilan sejahtera dijual oligarki
-1;kedaipenacom hasil rapimnas partai keadilan sejahtera gugat pt persen kah mk
-1;pkskotabatam koalisi rakyat rapimnas partai keadilan sejahtera
-1;hasil rapimnas partai keadilan sejahtera gugat pt persen kah mk
-1;pksjabar pidato politiknya syaikhu mengganggap uanglah faktor seolah-o
-1;pksjabar suara parlemen mengeci menafikan pilpres terbawa arus melupakan pembesaran kapasit
-1;pksjabar oligarki berusaha mendekati menguasai partai politik koalisiuntuk rakyat rapimnas partai keadilan sejahtera pksejahtera fpks
-1;pksejahtera hasil rapimnas partai keadilan sejahtera partai keadilan sejahtera gugat syarat pencalonan presiden kah mk partai keadilan sejahtera pengujian undang-undang kah mk pasa
-1;pksejahtera merindukan pemimpin berbicara mengelola pemerintahan pandai mengelola perbedaan pencitraan rap
-1;pksjabar waman nashru illa min indillah tegaskan partai keadilan sejahtera is not for sale to oligarch syaikhu
-1;partai lemah susah susah rakernas gugat pt partai galon koalisi tidak jelas nyapres dewe gurem
-1;pilpres th pagi diumumkan
-1;pksejahtera berharap koalisi oposisi rapimnas partai keadilan sejahtera
-1;pksjabar willy dinamika politik cair koalisiuntuk rakyat rapimnas partai keadilan sejahtera pksejahtera fpksdprri penjahat kelamin
-1;pksjabar sohibul melanjutkan nama capres dpw partai kondusif diajak berkoalisi koal
-1;pksejahtera partai keadilan sejahtera fokus turunkan presidential threshold usung nama capres memperjuangkan presidential threshold
-1;pksjabar partai keadilan sejahtera is not for sale to oligarch koalisiuntuk rakyat rapimnas partai keadilan sejahtera pksejahtera fpksdprri pksjabar
-1;unleash the multiverse nikita mirzani dilindungi rapimnas partai keadilan sejahtera
-1;cepat tuntas ajukan judicial review pt pidato rapimnas syaikhu partai keadilan sejahtera dijual oligarki
-1;politisi india hina nabi muhammad saw presiden partai keadilan sejahtera pemerintah jokowi protes keras kah pemerintah india rapimnas partai keadilan sejahtera koalisiuntukrakyat pks_pondokgede pksjabar
-1;sekretaris jenderal partai keadilan sejahtera partai keadilan sejahtera habib aboe bakar alhabsyi laporan kegiatan rapimnas partai keadilan sejahtera digelar juni hotel grand sahid jakarta koalisiuntuk rakyat rapimnas partai keadilan sejahtera pksejahtera fpksdprri pksjabar
-1;adhika dirgantara plt wali kota abaikan dewan perwakilan rakyat daerah mutasi asn transparansi rapimnas partai keadilan sejahtera koalisiuntukrakyat pks_pondokgede pksjabar
-1;turun kah dapil asep arwin kotsara kawal aspirasi pengurus posyandu garini jatiasih rapimnas partai keadilan sejahtera koalisiuntukrakyat pks_pondokgede pksjabar
-1;heri purnomo plt wali kota jajarannya memiliki etika kepemerintahan mutasi asn kota bekasi rapimnas partai keadilan sejahtera koalisiuntukrakyat pks_pondokgede pksjabar
-1;uas dideportasi singapura partai keadilan sejahtera bentuk islamophobia pelecehan ulama rapimnas partai keadilan sejahtera koalisiuntukrakyat pks_pondokgede pksjabar
-1;wakil ketua majelis syura partai keadilan sejahtera partai keadilan sejahtera mohammad sohibul iman menekankan partai keadilan sejahtera menentukan nama diusung calon presiden pilpres koalisiuntuk rakyat rapimnas partai keadilan sejahtera pksejahtera fpksdprri pksjabar
-1;direktur trias politika rapimnas partai keadilan sejahtera mengubah pola koalisi rapimnas partai keadilan sejahtera koalisi rakyat
-1;anggota legislatif dewan perwakilan rakyat daerah jawa barat artis kawakan miing bagito motivasi afk bekasi rapimnas partai keadilan sejahtera koalisiuntukrakyat pks_pondokgede pksjabar
-1;pksjabar salah pembahasannya mendengarkan masukan anggota dewan pimpinan wilayah dpw se-indonesia terkait pengusungan capres
-1;mardanialisera survei kepuasan jokowi anjlok partai keadilan sejahtera sindir reshuffle lucu rapimnas partai keadilan sejahtera
-1;penghentian lkm-nik kado pahit masyarakat banggar soroti alokasi anggaran rapimnas partai keadilan sejahtera koalisiuntukrakyat pks_pondokgede pksjabar
-1;kebakaran hanguskan hunian semi permanen partai keadilan sejahtera sumur batu salurkan bantuan warga rapimnas partai keadilan sejahtera koalisiuntukrakyat pks_pondokgede pksjabar
-1;pkstangerang hasil rapimnas partai keadilan sejahtera partai keadilan sejahtera gugat syarat pencalonan presiden kah mk partai keadilan sejahtera pengujian undang-undang kah mk pas
-1;catatan kritis hut kah kota bekasi caleg partai keadilan sejahtera opd terapkan iso bidang rapimnas partai keadilan sejahtera koalisiuntukrakyat pks_pondokgede pksjabar
-1;fpksdprri kader militan struktur solid modal dasar partai keadilan sejahtera songsong kemenangan rapimnas partai keadilan sejahtera koalisi untu
-1;desak penyelesaian krisis kepala sekolah kota bekasi sardi efendi sistem perekrutan ubah rapimnas partai keadilan sejahtera koalisiuntukrakyat pks_pondokgede pksjabar
-1;rki jatisampurna angkat bahasa bahasa cinta rapimnas partai keadilan sejahtera koalisiuntukrakyat pks_pondokgede pksjabar
-1;pksjabar oligarki berusaha mendekati menguasai partai politik koalisiuntuk rakyat rapimnas partai keadilan sejahtera pksejahtera fpk
-1;pksjabar berkaca jati fenomena perpolitikan saudara-saudara apak
-1;sambut aksi serikat buruh sardi efendi kawal permenaker dicabut rapimnas partai keadilan sejahtera koalisiuntukrakyat pks_pondokgede pksjabar
-1;pksjabar rapimnas diharapkan evaluasi program laksanakan koalisiuntuk rakyat rap
-1;terima anggota non muslim heri koswara serahkan kta sematkan jas partai keadilan sejahtera rapimnas partai keadilan sejahtera koalisiuntukrakyat pks_pondokgede pksjabar
-1;terkait statement menteri agama heri koswara sayangkan terucap rapimnas partai keadilan sejahtera koalisiuntukrakyat pks_pondokgede pksjabar
-1;gelar turnamen enrico anniversary bang hk tim afk bekasi tangguh rapimnas partai keadilan sejahtera koalisiuntukrakyat pks_pondokgede pksjabar
-1;dinyatakan hilang partai keadilan sejahtera jatiasih temukan anak rapimnas partai keadilan sejahtera koalisiuntukrakyat pks_pondokgede pksjabar
-1;warga keluhkan banjir reses syaifudin terintegritasnya penanganan banjir kota bekasi rapimnas partai keadilan sejahtera koalisiuntukrakyat pks_pondokgede pksjabar
-1;banjir kiriman terjang jatiasih latu har hary siaga warga pagi buta rapimnas partai keadilan sejahtera koalisiuntukrakyat pks_pondokgede pksjabar
-1;menyikapi arteria dahlan bang hk nasionalisme berangkat kebudayaan daerah rapimnas partai keadilan sejahtera koalisiuntukrakyat pks_pondokgede pksjabar
-1;terkait pencabulan abk eka widyani pelaku hukum seberat-beratnya rapimnas partai keadilan sejahtera koalisiuntukrakyat pks_pondokgede pksjabar
-1;mayoritas pemberitaan presiden ahmad syaikhu mengkritik ikn pidato evaluasi kaleidoskop rapimnas partai keadilan sejahtera koalisiuntukrakyat pks_pondokgede pksjabar
-1;partai keadilan sejahtera fokus turunkan presidential threshold usung nama capres memperjuangkan presidential threshold keleluasaan mengusung nama-nama sepakati muzzammil_yusuf rapimnas partai keadilan sejahtera koalisi rakyat
-1;rapimnas partai keadilan sejahtera koalisiuntukrakyat pks_pondokgede pksjabar pengelolaan pemerintahan ikn berpotensi inkonstitusional catatan ahli
-1;pksjabar wakil ketua majelis syura partai keadilan sejahtera partai keadilan sejahtera mohammad sohibul iman menekankan partai keadilan sejahtera menentukan nama
-1;pksjabar disusun rekomendasi perbaikan agenda pemenangan pileg pilpres pungkas aboe koalisiuntuk ra
-1;rapimnas partai keadilan sejahtera koalisiuntukrakyat pks_pondokgede pksjabar jaya proyek pembangunan ikn berpotensi mangkrak 'overbudget
-1;rapimnas partai keadilan sejahtera koalisiuntukrakyat pks_pondokgede pksjabar jaya purnama rancangan undang-undang ikn catatan ahli
-1;pksjabar rapimnas partai keadilan sejahtera juni dihadiri unsur jajaran pengurus dpp partai keadilan sejahtera ketua dpw partai keadilan sejahtera provinsi
-1;king_nanijat partai keadilan sejahtera repot ngadain rapimnas cari calon capres naikan pamor partai nyungsep
-1;salah hasil disepakati rapimnas partai keadilan sejahtera memperjuangkan presidential threshold persen leluasa mengusungkan nama capres cawapres selengkaonya
-1;rapimnas partai keadilan sejahtera koalisiuntukrakyat pks_pondokgede pksjabar noor yasin calon ikn banjir bukti lokasi pilihan
-1;advokasi baktor warga jatisampurna daradjat kardono tugas caleg sambung aspirasi rapimnas partai keadilan sejahtera koalisiuntukrakyat pks_pondokgede pksjabar
-1;letakkan batu bang hk do'akan keberkahan masyarakat rapimnas partai keadilan sejahtera koalisiuntukrakyat pks_pondokgede pksjabar
-1;bekas galian jalan berlubang syaifudin tegur bmsda mitra lintas sektoral rapimnas partai keadilan sejahtera koalisiuntukrakyat pks_pondokgede pksjabar
-1;viral pemberitaan rsud kota bekasi komisi iv evaluasi pelayanan masyarakat rapimnas partai keadilan sejahtera koalisiuntukrakyat pks_pondokgede pksjabar
-1;heboh pasar tani berdaya heri susilowadi pengurus rw diselenggarakan rapimnas partai keadilan sejahtera koalisiuntukrakyat pks_pondokgede pksjabar
-1;alimudin bacakan do paripurna isinya rapimnas partai keadilan sejahtera koalisiuntukrakyat pks_pondokgede pksjabar
-1;pksjabar kunci melawan politik uang syaikhu menghidupkan politik pemberdayaan koalisiuntuk rakyat rapimnas penjahat kelamin
-1;inspeksi mendadak program rutilahu kotaku caleg partai keadilan sejahtera dorong revitalisasi rumah lingkungan layak huni rapimnas partai keadilan sejahtera koalisiuntukrakyat pks_pondokgede pksjabar
-1;orenshopedia mug gelas astronout link depita yusuf mansur bu mega rapimnas partai keadilan sejahtera oligarki sang haji
-1;musran dpc partai keadilan sejahtera medan satria diharapkan menguatkan mental kader rapimnas partai keadilan sejahtera koalisiuntukrakyat pks_pondokgede pksjabar
-1;sambut bang choi tiang penyangga peradaban rapimnas partai keadilan sejahtera koalisiuntukrakyat pks_pondokgede pksjabar
-1;sarasehan unisma bekasi bang choi perspektif kota bekasi rapimnas partai keadilan sejahtera koalisiuntukrakyat pks_pondokgede pksjabar
-1;heri purnomo hadiri gerakan nasional sejuta cinta rki teluk pucung rapimnas partai keadilan sejahtera koalisiuntukrakyat pks_pondokgede pksjabar
0;pksejahtera pertemuan hangat akrab kedatangan pimpinan partai keadilan sejahtera disambut ketua partai nasdem surya paloh pimpinan
0;pksjabar partai keadilan sejahtera menggelar pertemuan partai nasdem seiring masuknya gubernur daerah khusus ibukota jakarta anies baswedan
0;pksejahtera partai keadilan sejahtera teguh mengusulkan syarat ambang batas persen pengusungan calon pasangan capres cawapres partai keadilan sejahtera melakuk
0;kompastv elit partai keadilan sejahtera partai nasdem menggelar pertemuan rabu siang pertemuan dilaksanakan nasdem tower jakarta 
0;pkspahlawanstia rekomendasi hasil rapimnas partai keadilan sejahtera
0;pksjabar aboe menggelar rapat pimpinan nasional rapimnas senin juni mendatan
0;chaplinsupport eks mendag muhammad lutfi selesai jalani pemeriksaan jam kejagung diperiksa penyidik jam
0;pksjabar calon presiden dipersepsi total efek partai keadilan sejahtera sohibul
0;pksjabar acara senin digelar hotel sahid jakarta koalisiuntuk rakyat rapimnas partai keadilan sejahtera
0;pksjabar prinsipnya acara rapimnas internal agenda konsolidasi koalisiuntuk rakyat rapimna
0;pksjabar posisi partai keadilan sejahtera koalisi milad partai keadilan sejahtera intens menjalin komunikasi partai
0;pksjabar partai keadilan sejahtera temui elite nasdem koalisiuntuk rakyat rapimnas partai keadilan sejahtera pksejahtera fpksdprri pksjabar
0;pksjabar disusun rekomendasi perbaikan agenda pemenangan pileg pilpres pungkas aboe koalisiuntuk
0;eks mendag muhammad lutfi selesai jalani pemeriksaan jam kejagung diperiksa penyidik jam terkakt izin ekspor crude palm oil cpo badan eksekutif mahasiswa universitas indonesia politik identitas tukang baso bunda khilaf rapimnas partai keadilan sejahtera sbmptn rabu
0;eks mendag muhammad lutfi selesai jalani pemeriksaan jam kejagung diperiksa penyidik jam terkakt izin ekspor crude palm oil cpo jakarta hajatan badan eksekutif mahasiswa universitas indonesia politik identitas tukang baso bunda khilaf rapimnas partai keadilan sejahtera sbmptn rabu
0;pksjabar hadir narasumber direktur eksekutif indikator politik burhanuddin muhtadi peneliti utama pusat riset politi
0;pksejahtera menemukan mitra koalisi setara duduk rendah berdiri berjuang memikul beban bersama-sa
0;zadaridani qasim mengujimu orang sabar mengharap pertolonganku
0;pksejahtera direktur trias politika rapimnas partai keadilan sejahtera mengubah pola koalisi rapimnas partai keadilan sejahtera koalisi rakyat
0;pksjabar partai keadilan sejahtera partai keadilan sejahtera mengadakan rapat pimpinan nasional rapimnas juni koalisiuntuk rakya
0;beritasatu rekomendasi rapimnas partai keadilan sejahtera koalisi capres
0;pksjabar ideal kapasitas memerintah mengelola pencitraan senata
0;pksjabar binalah masyarakat sekeliling kemampuan miliki koalisiuntuk rakyat rapimnas partai keadilan sejahtera pksejahtera fp
0;rapimnas dpp partai keadilan sejahtera partai keadilan sejahtera rawabunga
0;elit partai keadilan sejahtera partai nasdem menggelar pertemuan rabu siang pertemuan dilaksanakan nasdem tower jakarta juru bicara partai keadilan sejahtera muhammad kholid sesuai hasil rapimnas partai keadilan sejahtera berikhtiar membentuk poros
0;silaturrahmi halal bihalal bpkk partai keadilan sejahtera medan satria tokoh perempuan se-medan satria rapimnas partai keadilan sejahtera koalisiuntukrakyat pks_pondokgede pksjabar
0;menguatkan dpc partai keadilan sejahtera medan satria adakan halal bihalal rapimnas partai keadilan sejahtera koalisiuntukrakyat pks_pondokgede pksjabar
0;komunitas senam taruna hadiri halal bihalal aspirasi reses caleg partai keadilan sejahtera rapimnas partai keadilan sejahtera koalisiuntukrakyat pks_pondokgede pksjabar
0;hadiri lebaran bekasi chairoman apresiasi jajaka nusantara lestarikan budaya rapimnas partai keadilan sejahtera koalisiuntukrakyat pks_pondokgede pksjabar
0;kunjungi dinsos jawa barat heri koswara bahas raperda lanjut usia rapimnas partai keadilan sejahtera koalisiuntukrakyat pks_pondokgede pksjabar
0;rapat koordinasi partai keadilan sejahtera kota bekasi heri koswara dorong jajaran pengurus fokus target pemenangan rapimnas partai keadilan sejahtera koalisiuntukrakyat pks_pondokgede pksjabar
0;heri koswara hadiri halal bi halal partai keadilan sejahtera bantar gebang rapimnas partai keadilan sejahtera koalisiuntukrakyat pks_pondokgede pksjabar
0;momong anak kolaborasi ayah-ibu kader partai keadilan sejahtera rapimnas partai keadilan sejahtera koalisiuntukrakyat pks_pondokgede pksjabar
0;pksjabar selamat nasdem mengerucutkan nama capres nama ganjar pranowo anies baswedan and
0;hadiri turnamen futsal raih se-jabar rapimnas partai keadilan sejahtera koalisiuntukrakyat pks_pondokgede pksjabar
0;cerita milad partai keadilan sejahtera pria berusia bersepeda bekasi kah gbk rapimnas partai keadilan sejahtera koalisiuntukrakyat pks_pondokgede pksjabar
0;pksjabar laporan sekretaris jenderal partai keadilan sejahtera habib aboe bakar al habsyi rapimnas partai keadilan sejahtera koalisiuntuk rakyat rapimnas partai keadilan sejahtera pksejahtera fpksdprri
0;ketua umum partai politik tokoh nasional bicara milad partai keadilan sejahtera rapimnas partai keadilan sejahtera koalisiuntukrakyat pks_pondokgede pksjabar
0;partai keadilan sejahtera kabupaten tangerang berangkatkan bus anggota senayan rapimnas partai keadilan sejahtera koalisiuntukrakyat pks_pondokgede pksjabar
0;jusuf kalla oposisi partai keadilan sejahtera demokrasi rapimnas partai keadilan sejahtera koalisiuntukrakyat pks_pondokgede pksjabar
0;anies baswedan milad partai keadilan sejahtera persatuan hadir keadilan rapimnas partai keadilan sejahtera koalisiuntukrakyat pks_pondokgede pksjabar
0;khofifah partai keadilan sejahtera terbuka elemen strategis rapimnas partai keadilan sejahtera koalisiuntukrakyat pks_pondokgede pksjabar
0;usung kolaborasi melayani indonesia partai keadilan sejahtera polarisasi rapimnas partai keadilan sejahtera koalisiuntukrakyat pks_pondokgede pksjabar
0;pecah halal bihalal senam partai keadilan sejahtera bekasi utara dihadiri peserta rapimnas partai keadilan sejahtera koalisiuntukrakyat pks_pondokgede pksjabar
0;halal bihalal tokoh perempuan se-bantar gebang audiensi kah fraksi partai keadilan sejahtera dewan perwakilan rakyat daerah kota bekasi rapimnas partai keadilan sejahtera koalisiuntukrakyat pks_pondokgede pksjabar
0;dpw partai keadilan sejahtera babel usulkan nama calon presiden rapimnas
0;rapimnas partai keadilan sejahtera buka nama capres nasional berita berita barujatim berita jawa timur beritabaruco
0;silaturrahmi idul fitri chairoman kunjungi kh rahmadin afif pimpinan pesantren fisabilillah rapimnas partai keadilan sejahtera koalisiuntukrakyat pks_pondokgede pksjabar
0;dampingi ahmad syaikhu heri koswara kunjungi ulama madura rapimnas partai keadilan sejahtera koalisiuntukrakyat pks_pondokgede pksjabar
0;pemerintah kota bekasi melaksanakan rekomendasi lkpj catatan komisi ii kah opd rapimnas partai keadilan sejahtera koalisiuntukrakyat pks_pondokgede pksjabar
0;safari ramadan ketua partai keadilan sejahtera kota bekasi sambangi kantor rukun jurnalis bekas rapimnas partai keadilan sejahtera koalisiuntukrakyat pks_pondokgede pksjabar
0;kunjungan dapil saifuddaulah dorong soliditas pengurus kader pondok melati rapimnas partai keadilan sejahtera koalisiuntukrakyat pks_pondokgede pksjabar
0;kunjungi pimpinan yayasan islam miftahul jannah bpkk partai keadilan sejahtera kota bekasi pelayanan luas rapimnas partai keadilan sejahtera koalisiuntukrakyat pks_pondokgede pksjabar
0;silaturrahmi tokoh bpkk partai keadilan sejahtera kota bekasi sambangi badan kontak majelis taklim jatiasih rapimnas partai keadilan sejahtera koalisiuntukrakyat pks_pondokgede pksjabar
0;pks_pondokgede bpkk partai keadilan sejahtera kota bekasi lakukan safari ramadan kah ketua gabungan majelis taklim jatisampurna rapimnas partai keadilan sejahtera koalisiunt
0;pks_pondokgede safari ramadan bpkk partai keadilan sejahtera kota bekasi kunjungi kelompok usaha penyandang disabilitas rapimnas partai keadilan sejahtera koalisiuntukrakyat
0;bertemu ketua wanita pui pusat bpkk partai keadilan sejahtera kota bekasi jalin kolaborasi kota bekasi rapimnas partai keadilan sejahtera koalisiuntukrakyat pks_pondokgede pksjabar
0;bpkk partai keadilan sejahtera kota bekasi lakukan safari ramadan kah ketua gabungan majelis taklim jatisampurna rapimnas partai keadilan sejahtera koalisiuntukrakyat pks_pondokgede pksjabar
0;pertemuan hangat akrab kedatangan pimpinan partai keadilan sejahtera disambut ketua partai nasdem surya paloh pimpinan partai keadilan sejahtera selamat suksesnya rakernas partai nasdem surya paloh apresiasi suksesnya rapimnas partai keadilan sejahtera
0;silaturahmi tokoh jatibening partai keadilan sejahtera pondokgede sambangi ustaz romadhon rapimnas partai keadilan sejahtera koalisiuntukrakyat pks_pondokgede pksjabar
0;diagram bpu partai keadilan sejahtera kota bekasi diselenggarakan heri koswara ajak maksimalkan malam rapimnas partai keadilan sejahtera koalisiuntukrakyat pks_pondokgede pksjabar
0;peresmian tarum bhagasasi ketua dewan perwakilan rakyat daerah apresiasi pemerintah provinsi jawa barat hadirkan ruang terbuka kota bekasi rapimnas partai keadilan sejahtera koalisiuntukrakyat pks_pondokgede pksjabar
0;pemerintah kota serius tindaklanjuti pulang pergi adhika sikap partai keadilan sejahtera dorong tkk ppk rapimnas partai keadilan sejahtera koalisiuntukrakyat pks_pondokgede pksjabar
0;terkait kepastian hukum kesejahteraan saifuddaulah dewan perwakilan rakyat daerah dorong tkk ppk rapimnas partai keadilan sejahtera koalisiuntukrakyat pks_pondokgede pksjabar
0;inspeksi mendadak kah kelurahan kecamatan heri purnomo pastikan ikm meningkat rapimnas partai keadilan sejahtera koalisiuntukrakyat pks_pondokgede pksjabar
0;kammi kota bekasi sepakat dewan perwakilan rakyat daerah kota bekasi alihkan tkk ppk rapimnas partai keadilan sejahtera koalisiuntukrakyat pks_pondokgede pksjabar
0;partai keadilan sejahtera jatibening gelar gebyar ramadan ceria partai keadilan sejahtera warga rapimnas partai keadilan sejahtera koalisiuntukrakyat pks_pondokgede pksjabar
0;partai keadilan sejahtera jatimakmur gelar pasar sejahtera ramadan masyarakat rapimnas partai keadilan sejahtera koalisiuntukrakyat pks_pondokgede pksjabar
0;partai keadilan sejahtera pejuang bagikan bingkisan ramadan tokoh warga rapimnas partai keadilan sejahtera koalisiuntukrakyat pks_pondokgede pksjabar
0;dpw partai keadilan sejahtera sumsel usulkan nama calon presiden rapimnas
0;partai keadilan sejahtera rawalumbu wadah pengajian warga ramadan rapimnas partai keadilan sejahtera koalisiuntukrakyat pks_pondokgede pksjabar
0;ketua dewan perwakilan rakyat daerah kota bekasi ajak motivasi anak beraktivitas positif ramadhan rapimnas partai keadilan sejahtera koalisiuntukrakyat pks_pondokgede pksjabar
0;buka pengemudi daring heri koswara jalin silaturrahmi pelayanan advokasi rapimnas partai keadilan sejahtera koalisiuntukrakyat pks_pondokgede pksjabar
0;bidang ketenagakerjaan jalin silaturrahmi kolaborasi program pengemudi daring rapimnas partai keadilan sejahtera koalisiuntukrakyat pks_pondokgede pksjabar
0;bangun folder blu plaza chairoman putro ingatkan implikasi hukum pemerintah kota bekasi rapimnas partai keadilan sejahtera koalisiuntukrakyat pks_pondokgede pksjabar
0;tebar takjil kelurahan pejuang lilis nurlia partai keadilan sejahtera hadir masyarakat rapimnas partai keadilan sejahtera koalisiuntukrakyat pks_pondokgede pksjabar
0;serah terima jabatan dandim bekasi ketua dewan perwakilan rakyat daerah harap tentara nasional indonesia masyarakat rapimnas partai keadilan sejahtera koalisiuntukrakyat pks_pondokgede pksjabar
0;rapat bbwscc alimudin harapkan pengentasan banjir terwujud rapimnas partai keadilan sejahtera koalisiuntukrakyat pks_pondokgede pksjabar
0;hadiri rapat perdana tunjukkan kualitas chairoman optimalkan bahasan komisi ii rapimnas partai keadilan sejahtera koalisiuntukrakyat pks_pondokgede pksjabar
0;ketua panitia rapat pimpinan nasional rapimnas partai keadilan sejahtera partai keadilan sejahtera haryo setyoko persiapan partai keadilan sejahtera menyongsong pemilihan umum acara rapimnas koalisiuntuk rakyat rapimnas partai keadilan sejahtera pksejahtera fpksdprri pksjabar
0;safari ramadhan ketua dewan perwakilan rakyat daerah tausiyah gelar dialog kemasyarakatan rapimnas partai keadilan sejahtera koalisiuntukrakyat pks_pondokgede pksjabar
0;ngobras ngobrol seru bareng partai keadilan sejahtera bahagia islam al-quran rapimnas partai keadilan sejahtera koalisiuntukrakyat pks_pondokgede pksjabar
0;sosialisasi bpkk partai keadilan sejahtera kota bekasi tokoh jatiluhur dorong rki disosialisasikan majelis taklim rapimnas partai keadilan sejahtera koalisiuntukrakyat pks_pondokgede pksjabar
0;komunitas senam partai keadilan sejahtera taruna keliling kampung kenalkan partai keadilan sejahtera masyarakat rapimnas partai keadilan sejahtera koalisiuntukrakyat pks_pondokgede pksjabar
0;pksjabar sambutannya habib aboe rapimnas partai keadilan sejahtera momen menyatukan gerak langkah pemenangan pemilihan umum
0;pksjabar pidato politik presiden partai keadilan sejahtera syaikhu_ahmad pembukaan rapimnas dpp partai keadilan sejahtera saksikan via live streaming
0;rotasi alat kelengkapan dewan dewan perwakilan rakyat daerah kota bekasi komposisi fraksi-pks rapimnas partai keadilan sejahtera koalisiuntukrakyat pks_pondokgede pksjabar
0;launching akun facebook dpra partai keadilan sejahtera mjtv partai keadilan sejahtera mustika jaya kenalkan partai keadilan sejahtera luas rapimnas partai keadilan sejahtera koalisiuntukrakyat pks_pondokgede pksjabar
0;sekretaris jenderal partai keadilan sejahtera partai keadilan sejahtera habib aboe bakar alhabsyi laporan kegiatan rapimnas partai keadilan sejahtera digelar juni hotel grand sahid jakarta koalisiuntuk rakyat rapimnas partai keadilan sejahtera pksejahtera fpksdprri pksjabar
0;dilantik ketua dewan perwakilan rakyat daerah saifuddaulah maksimalkan sinergitas pelayanan kota bekasi rapimnas partai keadilan sejahtera koalisiuntukrakyat pks_pondokgede pksjabar
0;rotasi akd alimudin ajak caleg dewan perwakilan rakyat daerah kota bekasi maksimalkan peran pelayanan warga rapimnas partai keadilan sejahtera koalisiuntukrakyat pks_pondokgede pksjabar
0;balon upacara bendera jatisampurna meriahkan rakerda partai keadilan sejahtera kota bekasi rapimnas partai keadilan sejahtera koalisiuntukrakyat pks_pondokgede pksjabar
0;hujan deras partai keadilan sejahtera bekasi selatan kenalkan lambang partai keadilan sejahtera sambut ramadhan rapimnas partai keadilan sejahtera koalisiuntukrakyat pks_pondokgede pksjabar
0;fpksdprri anggota dewan perwakilan rakyat ri fraksi partai keadilan sejahtera bukhori yusuf materi agenda rapimnas partai keadilan sejahtera rapimnas partai keadilan sejahtera koalisi rakya
0;rakerda bpkk dpd partai keadilan sejahtera kota bekasi tingkatkan kinerja rapimnas partai keadilan sejahtera koalisiuntukrakyat pks_pondokgede pksjabar
0;bambang purwanto tkk tugasnya pasang baliho partai politik rapimnas partai keadilan sejahtera koalisiuntukrakyat pks_pondokgede pksjabar
0;pelantikan bamus air minum alimudin dorong pengurus maksimal layani masyarakat rapimnas partai keadilan sejahtera koalisiuntukrakyat pks_pondokgede pksjabar
0;terkait penghentian lkm nik komisi iv panggil pemerintah kota bekasi rapimnas partai keadilan sejahtera koalisiuntukrakyat pks_pondokgede pksjabar
0;pksejahtera rapimnas partai keadilan sejahtera selesai kriteria capres partai keadilan sejahtera rapimnas partai keadilan sejahtera menghasilkan kriteria capres partai keadilan sejahtera koalisi rakyat
0;sosialisasi pilar asep arwin kotsara sambangi ibu-ibu posyandu mustika jaya rapimnas partai keadilan sejahtera koalisiuntukrakyat pks_pondokgede pksjabar
0;raker kepanduan partai keadilan sejahtera jatisampurna sumarno relawan penanggulangan bencana hadir bantu warga rapimnas partai keadilan sejahtera koalisiuntukrakyat pks_pondokgede pksjabar
0;jelang rakerda heri koswara partai keadilan sejahtera kota bekasi songsong kemenangan rapimnas partai keadilan sejahtera koalisiuntukrakyat pks_pondokgede pksjabar
0;sosialisasi tahapan pemilihan umum bang hk terima bawaslu silaturrahim kah dpd partai keadilan sejahtera kota bekasi rapimnas partai keadilan sejahtera koalisiuntukrakyat pks_pondokgede pksjabar
0;pksjabar prinsipnya acara rapimnas internal agenda konsolidasi rampinas partai keadilan sejahtera koalisi
0;semarak rakerda partai keadilan sejahtera pejuang selenggarakan agenda masyarakat rapimnas partai keadilan sejahtera koalisiuntukrakyat pks_pondokgede pksjabar
0;inagurasi sumur resapan dialog lingkungan alimudin hadiri agenda forum peduli cijambe rapimnas partai keadilan sejahtera koalisiuntukrakyat pks_pondokgede pksjabar
0;mahfudz abdurrahman partai keadilan sejahtera kota bekasi mengusung wali kota memenangkan konstelasi rapimnas partai keadilan sejahtera koalisiuntukrakyat pks_pondokgede pksjabar
0;latu har hary kebijakan pemberhentian lkm-nik prematur rapimnas partai keadilan sejahtera koalisiuntukrakyat pks_pondokgede pksjabar
0;rakerda ketua dpw partai keadilan sejahtera jawa barat jaga soliditas jawa barat putih kota bekasi putih rapimnas partai keadilan sejahtera koalisiuntukrakyat pks_pondokgede pksjabar
0;ahmad syaikhu jaga semangat transformasi kolaborasi menangkan partai keadilan sejahtera kota bekasi rapimnas partai keadilan sejahtera koalisiuntukrakyat pks_pondokgede pksjabar
1;mardanialisera rapimnas partai keadilan sejahtera mengokohkan oposisi rakyat kritik konstruktif lelah ko
1;pksjabar sohibul keputusan partai keadilan sejahtera memilih nama capres diajukan berpegang hasil keputusan majelis
1;mardanialisera wakil ketua majelis syura partai keadilan sejahtera sohibul iman pemilih partai keadilan sejahtera dukung anies baswedan capres
1;pksjabar ekonomi hidup sejahtera pendidikan kesehatan prim
1;pksjabar faktor penentu kemenangan uang menentukan hadirnya pertolongan allah
1;pksjabar pemimpin memiliki basis pengetahuan lebar stok solusi permasalahan aEUR koalisiun
1;ketua umum partai nasdem surya paloh kesamaan partainya partai keadilan sejahtera inti inti angkat anies baswedan pan ngab jakarta hajatan badan eksekutif mahasiswa universitas indonesia politik identitas tukang baso bunda khilaf rapimnas partai keadilan sejahtera sbmptn rabu papua
1;pkskepri alhamdulillah rapimnas partai keadilan sejahtera berjalan lancar semoga rekomendasi diputuskan rekomendasi
1;chaplinsupport ulama umara kedua-duanya berfungsi mewujudkan masyarakat ideal masyarakat mandiri berjalan
1;pksejahtera rekomendasi dewan pakar rapimnas partai keadilan sejahtera ketua dewan pakar partai keadilan sejahtera prof irwanprayitno rekomendasi
1;pksjabar habib aboe partai politik berusaha menarik simpati masyarakat lolos ambang batas parlemen 
1;pksjabar pemimpin memiliki basis pengetahuan lebar stok solusi permasalahan aEUR koalisiu
1;ulama umara kedua-duanya berfungsi mewujudkan masyarakat ideal masyarakat mandiri berjalan landasan prinsip jakarta hajatan rp sbmptn badan eksekutif mahasiswa universitas indonesia presiden rapimnas partai keadilan sejahtera bunda
1;zadaridani rahmat bantuan allah swt turun syirik dihapuskan qasim menyebarkan mimpi
1;rapimnas partai keadilan sejahtera trend mengirimkan shopee pay ayo ambil habis
1;qasim mengujimu orang sabar mengharap pertolonganku mimpi tingkat spiritual nabi allah swt mimpi muhammad qasim sore rapimnas partai keadilan sejahtera
1;rahmat bantuan allah swt turun syirik dihapuskan qasim menyebarkan mimpi kejadian kiamat mimpi muhammad qasim bunda sore rapimnas partai keadilan sejahtera
1;pksjabar sohibul menyebut pemimpin memiliki solusi mengatasi beragam permasalahan dihadapi
1;pksejahtera simak rekomendasi hasil rapimnas partai keadilan sejahtera kriteria capres cawapres diusung partai keadilan sejahtera
1;kartiko_hendry rapimnas partai keadilan sejahtera koalisi rakyat
1;rekomendasi rapimnas partai keadilan sejahtera koalisi capres
1;wakil ketua majelis syura partai keadilan sejahtera partai keadilan sejahtera mohammad sohibul iman menekankan partai keadilan sejahtera menentukan nama diusung calon presiden pilpres koalisiuntuk rakyat rapimnas partai keadilan sejahtera pksejahtera fpksdprri pksjabar
1;adhika dewan partai keadilan sejahtera kawal aspirasi warga terkait pengerukan saluran kah uptd bina marga rapimnas partai keadilan sejahtera koalisiuntukrakyat pks_pondokgede pksjabar
1;reses bantar gebang eka widyani latief ingatkan perihal kesehatan pendidikan rapimnas partai keadilan sejahtera koalisiuntukrakyat pks_pondokgede pksjabar
1;hadiri lebaran bekasi syaifudin apresiasi destinasi wisata budaya produk lokal bekasi rapimnas partai keadilan sejahtera koalisiuntukrakyat pks_pondokgede pksjabar
1;chairoman serap aspirasi terkait legalitas masjid penanganan banjir pondok melati rapimnas partai keadilan sejahtera koalisiuntukrakyat pks_pondokgede pksjabar
1;bambang purwanto aspirasi pembuatan trotoar margahayu rapimnas partai keadilan sejahtera koalisiuntukrakyat pks_pondokgede pksjabar
1;partai keadilan sejahtera pelayanan fogging masyarakat kota terdampak dbd rapimnas partai keadilan sejahtera koalisiuntukrakyat pks_pondokgede pksjabar
1;terkait pelaksanaan ppdb online daradjat catatan disdik kota bekasi rapimnas partai keadilan sejahtera koalisiuntukrakyat pks_pondokgede pksjabar
1;reses dardjat kardono serap aspirasi pengadaan sirkuit pemuda kota bekasi rapimnas partai keadilan sejahtera koalisiuntukrakyat pks_pondokgede pksjabar
1;reses bambang purwanto dewan partai keadilan sejahtera soroti tingginya tingkat pengangguran kota bekasi rapimnas partai keadilan sejahtera koalisiuntukrakyat pks_pondokgede pksjabar
1;pksjabar habib aboe rapimnas partai keadilan sejahtera momen satukan langkah strategi pemenangan pemilihan umum koalisiuntuk rakyat rapimnas partai keadilan sejahtera pksej
1;lilis nurlia jaring aspirasi undang tokoh masyarakat srikandi se-kecamatan medan satria rapimnas partai keadilan sejahtera koalisiuntukrakyat pks_pondokgede pksjabar
1;reses ketua dewan perwakilan rakyat daerah kota bekasi kawal aspirasi warga jatibening rapimnas partai keadilan sejahtera koalisiuntukrakyat pks_pondokgede pksjabar
1;tingkatkan pad bantu ekonomi warga syaifudin gelar pelatihan koperasi coworking space rapimnas partai keadilan sejahtera koalisiuntukrakyat pks_pondokgede pksjabar
1;reses bambang purwanto dapatkan aspirasi permintaan warga bekasi jaya rapimnas partai keadilan sejahtera koalisiuntukrakyat pks_pondokgede pksjabar
1;heri purnomo reses guru se-bekasi utara aspirasinya rapimnas partai keadilan sejahtera koalisiuntukrakyat pks_pondokgede pksjabar
1;terima aspirasi warga saifuddaulah kawal aspirasi pembangunan jalin jaticempaka rapimnas partai keadilan sejahtera koalisiuntukrakyat pks_pondokgede pksjabar
1;reses warga komunitas sosial bambang purwanto masyarakat program pelatihan kerja rapimnas partai keadilan sejahtera koalisiuntukrakyat pks_pondokgede pksjabar
1;reses margamulya syaifudin tampung aspirasi pendirian blk anak-cucu rapimnas partai keadilan sejahtera koalisiuntukrakyat pks_pondokgede pksjabar
1;reses bekasi barat lilis nurlia jaring aspirasi majelis taklim rapimnas partai keadilan sejahtera koalisiuntukrakyat pks_pondokgede pksjabar
1;terima kehadiran atlet juara sea games chairoman atlet panahan kota bekasi terinspirasi rapimnas partai keadilan sejahtera koalisiuntukrakyat pks_pondokgede pksjabar
1;ketua panitia rapat pimpinan nasional rapimnas partai keadilan sejahtera partai keadilan sejahtera haryo setyoko persiapan partai keadilan sejahtera menyongsong pemilihan umum acara rapimnas koalisiuntuk rakyat rapimnas partai keadilan sejahtera pksejahtera fpksdprri pksjabar
1;terkait pad kota bekasi lilis nurlia dorong bapenda tuntaskan target rapimnas partai keadilan sejahtera koalisiuntukrakyat pks_pondokgede pksjabar
1;terkait data ketua komisi iv dinsos lakukan update berkala rapimnas partai keadilan sejahtera koalisiuntukrakyat pks_pondokgede pksjabar
1;gema keadilan kota bekasi ajak pemuda berkolaborasi melek politik rapimnas partai keadilan sejahtera koalisiuntukrakyat pks_pondokgede pksjabar
1;gelar pengajian rutin harapan antusias belajar iqra al-qur'an rapimnas partai keadilan sejahtera koalisiuntukrakyat pks_pondokgede pksjabar
1;rki harapan motivasi tausiyah rapimnas partai keadilan sejahtera koalisiuntukrakyat pks_pondokgede pksjabar
1;penuhi permintaan rki harapan gelar pengajian rapimnas partai keadilan sejahtera koalisiuntukrakyat pks_pondokgede pksjabar
1;terkait raperda penyelenggaraan pendidikan chairoman kota bekasi hadapi era disrupsi digital rapimnas partai keadilan sejahtera koalisiuntukrakyat pks_pondokgede pksjabar
1;halal bihalal pgri chairoman dorong disdik lakukan pembinaan guru tingkatkan kualitas pendidikan rapimnas partai keadilan sejahtera koalisiuntukrakyat pks_pondokgede pksjabar
1;pksjabar masukan tanggapan terkait agenda-agenda terkait pemen
1;belasan ribu anggota simpatisan partai keadilan sejahtera putihkan istora senayan puncak milad rapimnas partai keadilan sejahtera koalisiuntukrakyat pks_pondokgede pksjabar
1;pksjabar bahan evaluasi agenda dilaksanakan rekomendasi perbaikan agenda menghadapi pemilihan umum koalisiuntuk
1;halsel indonesia timur titip rindu bertemu milad partai keadilan sejahtera rapimnas partai keadilan sejahtera koalisiuntukrakyat pks_pondokgede pksjabar
1;antusiasme anggota partai keadilan sejahtera kabupaten bekasi bergerak istora senayan rapimnas partai keadilan sejahtera koalisiuntukrakyat pks_pondokgede pksjabar
1;sembari ziarah partai keadilan sejahtera jawa timur berangkatkan bus kah milad partai keadilan sejahtera rapimnas partai keadilan sejahtera koalisiuntukrakyat pks_pondokgede pksjabar
1;pksjabar pembukaan rapimnas partai keadilan sejahtera bahas peluang koalisi capres koalisiuntuk rakyat rapimnas partai keadilan sejahtera pksejahtera fpksdpr
1;puncak milad partai keadilan sejahtera hidupkan umkm pedagang ucapkan terimakasih rapimnas partai keadilan sejahtera koalisiuntukrakyat pks_pondokgede pksjabar
1;sediakan kids area milad kah partai keadilan sejahtera peserta rapimnas partai keadilan sejahtera koalisiuntukrakyat pks_pondokgede pksjabar
1;muhammad naja pesan ayat persatuan rapimnas partai keadilan sejahtera koalisiuntukrakyat pks_pondokgede pksjabar
1;surya paloh usia partai keadilan sejahtera mencapai kematangan rapimnas partai keadilan sejahtera koalisiuntukrakyat pks_pondokgede pksjabar
1;milad partai keadilan sejahtera penghargaan anggota struktur terbaik rapimnas partai keadilan sejahtera koalisiuntukrakyat pks_pondokgede pksjabar
1;zulkifli hasan ajak partai keadilan sejahtera kolaborasi pilpres rapimnas partai keadilan sejahtera koalisiuntukrakyat pks_pondokgede pksjabar
1;airlangga hartarto golkar partai keadilan sejahtera berkolaborasi memperkuat tenun kebangsaan rapimnas partai keadilan sejahtera koalisiuntukrakyat pks_pondokgede pksjabar
1;cak imin sejalan partai keadilan sejahtera gaungkan islam rahmatan lil alamin rapimnas partai keadilan sejahtera koalisiuntukrakyat pks_pondokgede pksjabar
1;berterima kasih ditawari dokter gamal gabung partai keadilan sejahtera sandi uno go for it rapimnas partai keadilan sejahtera koalisiuntukrakyat pks_pondokgede pksjabar
1;rangkaian milad sekretaris jenderal partai keadilan sejahtera ajak komponen bangsa kolaborasi rapimnas partai keadilan sejahtera koalisiuntukrakyat pks_pondokgede pksjabar
1;pesan utama presiden partai keadilan sejahtera mari kolaborasi polarisasi rapimnas partai keadilan sejahtera koalisiuntukrakyat pks_pondokgede pksjabar
1;puncak milad partai keadilan sejahtera salim ajak berkolaborasi bangun bangsa rapimnas partai keadilan sejahtera koalisiuntukrakyat pks_pondokgede pksjabar
1;partai keadilan sejahtera kolaborasi melayani indonesia pidato presiden partai keadilan sejahtera ahmad syaikhu rapimnas partai keadilan sejahtera koalisiuntukrakyat pks_pondokgede pksjabar
1;kolaborasi melayani indonesia pidato ketua majelis syuro partai keadilan sejahtera rapimnas partai keadilan sejahtera koalisiuntukrakyat pks_pondokgede pksjabar
1;mahfudz abdurrahman dukung penegak hukum mafia ekspor impor komoditi rapimnas partai keadilan sejahtera koalisiuntukrakyat pks_pondokgede pksjabar
1;komunitas senam taruna jalan santai sambut milad partai keadilan sejahtera rapimnas partai keadilan sejahtera koalisiuntukrakyat pks_pondokgede pksjabar
1;pksejahtera berbekal modal dasar partai keadilan sejahtera kader militan struktur solid kerja kolektif partai keadilan sejahtera optimis menyongsong pemilihan umum
1;terima kunjungan pengurus partai keadilan sejahtera lilis nurlia jaga ukhuwah perbanyak silaturrahmi rapimnas partai keadilan sejahtera koalisiuntukrakyat pks_pondokgede pksjabar
1;dikunjungi warga lilis nurlia bahagia bersilaturrahmi momentum lebaran rapimnas partai keadilan sejahtera koalisiuntukrakyat pks_pondokgede pksjabar
1;syaifudin apresiasi yayasan taufiqurrahman kembangkan budaya wayang kulit ekonomi kreatif rapimnas partai keadilan sejahtera koalisiuntukrakyat pks_pondokgede pksjabar
1;halal bihalal senam partai keadilan sejahtera bekasi utara syaifudin ajak warga konsisten jaga kesehatan rapimnas partai keadilan sejahtera koalisiuntukrakyat pks_pondokgede pksjabar
1;buka program subuh keliling heri purnomo ajak warga teluk pucung tingkatkan ibadah pasca ramadan rapimnas partai keadilan sejahtera koalisiuntukrakyat pks_pondokgede pksjabar
1;hadiri halal bihalal bekasi sardi efendi gembleng pemuda miliki intuisi inspirasi pemimpin rapimnas partai keadilan sejahtera koalisiuntukrakyat pks_pondokgede pksjabar
1;halal bihalal konsolidasi gema keadilan fokus hadirkan tokoh muda pimpin kota bekasi rapimnas partai keadilan sejahtera koalisiuntukrakyat pks_pondokgede pksjabar
1;halal bihalal partai keadilan sejahtera pondok melati heri koswara kuatkan komitmen menangkan target rapimnas partai keadilan sejahtera koalisiuntukrakyat pks_pondokgede pksjabar
1;tumbuh berkembang bermanfaat partai keadilan sejahtera masyarakat rapimnas partai keadilan sejahtera koalisiuntukrakyat pks_pondokgede pksjabar
1;fraksi partai keadilan sejahtera inisiasi lahirnya raperda pendidikan pancasila wawasan kebangsaan rapimnas partai keadilan sejahtera koalisiuntukrakyat pks_pondokgede pksjabar
1;ketua komisi iv hardiknas momentum tingkatkan kompetensi tenaga pengajar hadapi kemajuan dunia pendidikan rapimnas partai keadilan sejahtera koalisiuntukrakyat pks_pondokgede pksjabar
1;eka widyani apresiasi langkah preventif dinkes antisipasi lonjakan covid pasca mudik lebaran rapimnas partai keadilan sejahtera koalisiuntukrakyat pks_pondokgede pksjabar
1;halal bihalal forkasi pondok pesantren husnul khatimah chairoman ajak orang tua transfer knowladge generasi muda rapimnas partai keadilan sejahtera koalisiuntukrakyat pks_pondokgede pksjabar
1;apresiasi kinerja dewan terbaik badan kehormatan dewan perwakilan rakyat daerah kota bekasi luncurkan 'bk award rapimnas partai keadilan sejahtera koalisiuntukrakyat pks_pondokgede pksjabar
1;halal bihalal warga kebantenan indah asep arwin kotsara tingkatkan sinergitas pasca ramadan rapimnas partai keadilan sejahtera koalisiuntukrakyat pks_pondokgede pksjabar
1;serapan apbd realisasi pembangunan rendah sekretaris fpks plt walikota gagap koordinasikan jajaran skpd rapimnas partai keadilan sejahtera koalisiuntukrakyat pks_pondokgede pksjabar
1;bambang purwanto pimpin kunker bk kah dewan perwakilan rakyat daerah lebak terkait kode etik tata beracara rapimnas partai keadilan sejahtera koalisiuntukrakyat pks_pondokgede pksjabar
1;presiden partai keadilan sejahtera ziarah kah makam kyai kholil bangkalan madura rapimnas partai keadilan sejahtera koalisiuntukrakyat pks_pondokgede pksjabar
1;ayo beraktivitas sehat selamat rapimnas partai keadilan sejahtera koalisiuntukrakyat pks_pondokgede pksjabar
1;berbagi paket lebaran heri purnomo ajak hidupkan nilai kebaikan masyarakat rapimnas partai keadilan sejahtera koalisiuntukrakyat pks_pondokgede pksjabar
1;tausiyah ketua dewan perwakilan rakyat daerah kota bekasi lakukan safari ramadan jatibening rapimnas partai keadilan sejahtera koalisiuntukrakyat pks_pondokgede pksjabar
1;bukber partai keadilan sejahtera jakamulya voucher bensin pengemudi daring alat masak emak rapimnas partai keadilan sejahtera koalisiuntukrakyat pks_pondokgede pksjabar
1;mahfudz abdurrahman berbagi santunan anak yatim dhuafa kota bekasi rapimnas partai keadilan sejahtera koalisiuntukrakyat pks_pondokgede pksjabar
1;konsolidasi struktur partai keadilan sejahtera se-kota bekasi mahfudz abdurrahman jaga kesolidan pengurus kader rapimnas partai keadilan sejahtera koalisiuntukrakyat pks_pondokgede pksjabar
1;salurkan sembilan bahan pokok mahfudz abdurrahman distribusikan paket lebaran kota bekasi rapimnas partai keadilan sejahtera koalisiuntukrakyat pks_pondokgede pksjabar
1;salurkan paket berbuka partai keadilan sejahtera perwira salurkan takjil warga rapimnas partai keadilan sejahtera koalisiuntukrakyat pks_pondokgede pksjabar
1;berbagi paket berbuka partai keadilan sejahtera jaya salurkan takjil warga rapimnas partai keadilan sejahtera koalisiuntukrakyat pks_pondokgede pksjabar
1;buka iwo kota bekasi ketua dewan perwakilan rakyat daerah jalin sinergitas jurnalis pegiat media rapimnas partai keadilan sejahtera koalisiuntukrakyat pks_pondokgede pksjabar
1;alimudin apresiasi disdik dorong guru tkk kota bekasi diangkat ppk rapimnas partai keadilan sejahtera koalisiuntukrakyat pks_pondokgede pksjabar
1;apresiasi pasar sejahtera saifuddaulah partai keadilan sejahtera jatimakmur hadirkan sembilan bahan pokok murah warga rapimnas partai keadilan sejahtera koalisiuntukrakyat pks_pondokgede pksjabar
1;berbagi paket santunan lilis nurlia partai keadilan sejahtera melayani masyarakat ramadan rapimnas partai keadilan sejahtera koalisiuntukrakyat pks_pondokgede pksjabar
1;juta paket ramadan partai keadilan sejahtera eka widyani bagikan paket kah rawalumbu rapimnas partai keadilan sejahtera koalisiuntukrakyat pks_pondokgede pksjabar
1;heri koswara partai keadilan sejahtera fokus alih tugaskan tenaga kerja kontrak ppk rapimnas partai keadilan sejahtera koalisiuntukrakyat pks_pondokgede pksjabar
1;bagikan paket takjil partai keadilan sejahtera medan satria harapkan program dirasakan masyarakat rapimnas partai keadilan sejahtera koalisiuntukrakyat pks_pondokgede pksjabar
1;tebar takjil partai keadilan sejahtera medan satria serahkan kartu tanda anggota rapimnas partai keadilan sejahtera koalisiuntukrakyat pks_pondokgede pksjabar
1;ramadhan berbagi partai keadilan sejahtera jakasetia pelayanan masyarakat rapimnas partai keadilan sejahtera koalisiuntukrakyat pks_pondokgede pksjabar
1;tauisyah ketua dewan perwakilan rakyat daerah kota bekasi ajak warga miliki sifat orang bertakwa rapimnas partai keadilan sejahtera koalisiuntukrakyat pks_pondokgede pksjabar
1;partai keadilan sejahtera padurenan gelar baksos warga daftarkan kta rapimnas partai keadilan sejahtera koalisiuntukrakyat pks_pondokgede pksjabar
1;partai keadilan sejahtera medan satria adakan pelatihan al-qur'an rapimnas partai keadilan sejahtera koalisiuntukrakyat pks_pondokgede pksjabar
1;tarawih keliling saifuddaulah ajak warga jaticempaka maksimalkan ramadhan ibadah rapimnas partai keadilan sejahtera koalisiuntukrakyat pks_pondokgede pksjabar
